Image,Dimensions,Entropy,Sharpness,Focus,PSNR,SSIM
esrgan_image.png,2048x2048,6.51150544973052,13.211865503968133,21.894594567705788,36.11131090601748,0.9509967968289338
BSRGAN.png,2048x2048,6.457054303864675,90.79659721760812,29.632542916456764,33.244678929057706,0.827163812351788
N-33-139-C-d-2-4_276_real_2048.png,2048x2048,6.497979571376549,3.401245325064696,19.499033540614764,inf,1.0
SwinIR_large.png,2048x2048,6.475722486960284,345.1950469825348,43.587950468647016,31.194690896280328,0.68497107638246
resrgan_image.jpg,2048x2048,6.536456332308461,424.6519305431416,50.33298988885136,30.83893123211756,0.6143112850719057
SwinIR.png,2048x2048,6.464083639054643,510.7402800773027,47.09972068746117,30.621519359296432,0.6528299359558037
