Image,Original Dimensions,Resized Dimensions,Entropy,Sharpness,Focus,PSNR,SSIM
SwinIR.png,2048x2048,512x512,6.342798152659905,697.1523454390554,50.5597473823777,31.986576469595413,0.9122406620960747
N-33-139-C-d-2-4_276_real_2048.png,2048x2048,512x512,6.481392784668576,176.02614689011534,55.17922694752916,39.391971731621,0.9807477831679631
esrgan_image.png,2048x2048,512x512,6.490311120772877,249.25571060004586,55.32412245424182,40.195725810716986,0.9950793869101744
BSRGAN.png,2048x2048,512x512,6.414129190870595,407.3360552701488,51.14125306948444,36.54676177107585,0.9559968923627782
resrgan_image.jpg,2048x2048,512x512,6.378822989561527,670.295396640664,49.48662606859278,33.30784478359591,0.91167467654603
SwinIR_large.png,2048x2048,512x512,6.376239007602262,635.5730622035771,50.77990817583045,33.68088178869391,0.939023613653007
VDSR.jpg,2048x2048,512x512,6.484841750025351,179.49601407906448,55.469623027084154,38.46302562382568,0.9956376230525925
