Image,Original Dimensions,Resized Dimensions,Entropy,Sharpness,Focus,Edge Sharpness (Brenner Gradient),Gradient Magnitude,Histogram Spread,NIQE,FSIM,IFC,NQM,PSNR,SSIM
resrgan_image.jpg,2048x2048,512x512,6.378822989561527,670.295396640664,49.48662606859278,10915715,0.03436103264108145,1.5654565,Not supported by current PIQ version,0.9721300913799498,0.41299212795698076,29.122314259360984,32.8050239573145,0.91167467654603
VDSR.jpg,2048x2048,512x512,6.484841750025351,179.49601407906448,55.469623027084154,9223501,0.038502532486348016,1.4742616,Not supported by current PIQ version,0.9982918441285374,0.882406677266566,8.973667845193336,38.46302562382568,0.9956376230525925
SwinIR_large.png,2048x2048,512x512,6.376239007602262,635.5730622035771,50.77990817583045,11197575,0.03527182936466123,1.539478,Not supported by current PIQ version,0.9735953859067269,0.5011251712892056,26.3654118026179,33.35530011492125,0.939023613653007
N-33-139-C-d-2-4_276_real_2048.png,2048x2048,512x512,6.481392784668576,176.02614689011534,55.17922694752916,9162536,0.03830884887922943,1.477246,Not supported by current PIQ version,0.9928995269256906,0.746141748250183,7.446264369817273,39.317204878468736,0.9807477831679631
SwinIR.png,2048x2048,512x512,6.342798152659905,697.1523454390554,50.5597473823777,11980727,0.03512161250411599,1.5624183,Not supported by current PIQ version,0.9600291921690886,0.43303655267354085,37.7741637853013,30.989100383769603,0.9122406620960747
BSRGAN.png,2048x2048,512x512,6.414129190870595,407.3360552701488,51.14125306948444,9559118,0.03551333732449043,1.5404664,Not supported by current PIQ version,0.9878988335349159,0.6023684153167995,14.028735204508136,36.4897113128872,0.9559968923627782
esrgan_image.png,2048x2048,512x512,6.490311120772877,249.25571060004586,55.32412245424182,9774003,0.03840700181763027,1.4706922,Not supported by current PIQ version,0.997775595919608,0.875793603449726,6.072520183712724,40.195725810716986,0.9950793869101744
